{"cameraMode":{"drawMode":0,"name":"Shaded","section":"Shading Mode"},"sceneLighting":true,"audioPlay":false,"sceneViewState":{"m_AlwaysRefresh":false,"showFog":true,"showSkybox":true,"showFlares":true,"showImageEffects":true,"showParticleSystems":true,"showVisualEffectGraphs":true,"m_FxEnabled":true},"in2DMode":false,"pivot":{"x":-0.46373942494392397,"y":2.0016722679138185,"z":0.8802289962768555},"rotation":{"x":0.12566335499286652,"y":-0.007440474815666676,"z":0.0009424929739907384,"w":0.9920445680618286},"size":6.7722039222717289,"orthographic":false}