{"cameraMode":{"drawMode":0,"name":"Shaded","section":"Shading Mode"},"sceneLighting":true,"audioPlay":false,"sceneViewState":{"m_AlwaysRefresh":false,"showFog":true,"showSkybox":true,"showFlares":true,"showImageEffects":true,"showParticleSystems":true,"showVisualEffectGraphs":true,"m_FxEnabled":true},"in2DMode":false,"pivot":{"x":0.004117652773857117,"y":0.28464245796203616,"z":-0.7784109115600586},"rotation":{"x":0.15979385375976563,"y":-0.014806660823523999,"z":0.0023970885667949917,"w":0.9870367050170898},"size":5.6025614738464359,"orthographic":false}