{"cameraMode":{"drawMode":0,"name":"Shaded","section":"Shading Mode"},"sceneLighting":true,"audioPlay":false,"sceneViewState":{"m_AlwaysRefresh":false,"showFog":true,"showSkybox":true,"showFlares":true,"showImageEffects":true,"showParticleSystems":true,"showVisualEffectGraphs":true,"m_FxEnabled":true},"in2DMode":false,"pivot":{"x":-1.4394679069519044,"y":-5.247481346130371,"z":-0.7401294708251953},"rotation":{"x":0.1863899528980255,"y":-0.01178940199315548,"z":0.002236785367131233,"w":0.9824029207229614},"size":8.811320304870606,"orthographic":false}