{"cameraMode":{"drawMode":0,"name":"Shaded","section":"Shading Mode"},"sceneLighting":true,"audioPlay":false,"sceneViewState":{"m_AlwaysRefresh":false,"showFog":true,"showSkybox":true,"showFlares":true,"showImageEffects":true,"showParticleSystems":true,"showVisualEffectGraphs":true,"m_FxEnabled":true},"in2DMode":false,"pivot":{"x":-19.437885284423829,"y":-5.999148368835449,"z":0.05314445495605469},"rotation":{"x":-0.2190198004245758,"y":-0.0008813524036668241,"z":0.00019782473100349307,"w":-0.9757192134857178},"size":17.147972106933595,"orthographic":true}