{"cameraMode":{"drawMode":0,"name":"Shaded","section":"Shading Mode"},"sceneLighting":true,"audioPlay":false,"sceneViewState":{"m_AlwaysRefresh":false,"showFog":true,"showSkybox":true,"showFlares":true,"showImageEffects":true,"showParticleSystems":true,"showVisualEffectGraphs":true,"m_FxEnabled":true},"in2DMode":false,"pivot":{"x":0.12550973892211915,"y":-0.07608938217163086,"z":1.3336162567138672},"rotation":{"x":0.1863899528980255,"y":-0.01178940199315548,"z":0.002236785367131233,"w":0.9824029207229614},"size":6.766175746917725,"orthographic":false}